{"cameraMode":{"drawMode":0,"name":"Shaded","section":"Shading Mode"},"sceneLighting":true,"audioPlay":false,"sceneViewState":{"m_AlwaysRefresh":false,"showFog":true,"showSkybox":true,"showFlares":true,"showImageEffects":true,"showParticleSystems":true,"showVisualEffectGraphs":true,"m_FxEnabled":true},"in2DMode":false,"pivot":{"x":-0.8111908435821533,"y":3.2883477210998537,"z":-3.117828845977783},"rotation":{"x":0.05042387172579765,"y":-0.6590332984924316,"z":0.04434328153729439,"w":0.7491363286972046},"size":9.325950622558594,"orthographic":true}