{"cameraMode":{"drawMode":0,"name":"Shaded","section":"Shading Mode"},"sceneLighting":true,"audioPlay":false,"sceneViewState":{"m_AlwaysRefresh":false,"showFog":true,"showSkybox":true,"showFlares":true,"showImageEffects":true,"showParticleSystems":true,"showVisualEffectGraphs":true,"m_FxEnabled":true},"in2DMode":false,"pivot":{"x":5.959629058837891,"y":6.881627559661865,"z":5.1606974601745609},"rotation":{"x":0.15160763263702393,"y":0.6940396428108215,"z":-0.15315522253513337,"w":0.6869838237762451},"size":14.499214172363282,"orthographic":true}