{"cameraMode":{"drawMode":0,"name":"Shaded","section":"Shading Mode"},"sceneLighting":true,"audioPlay":false,"sceneViewState":{"m_AlwaysRefresh":false,"showFog":true,"showSkybox":false,"showFlares":true,"showImageEffects":true,"showParticleSystems":true,"showVisualEffectGraphs":true,"m_FxEnabled":true},"in2DMode":false,"pivot":{"x":3.262532949447632,"y":12.653223037719727,"z":-8.877042770385743},"rotation":{"x":0.2553098201751709,"y":0.13292048871517182,"z":-0.035460468381643298,"w":0.9570450782775879},"size":7.727517604827881,"orthographic":true}